{
    "model": "llama-3.1-8b-instant",
    "samples_processed": 0,
    "total_time": 0,
    "average_time": 0,
    "analysis_times": [
        1.4756994247436523,
        0.9886174201965332,
        0.9538395404815674,
        9.214195489883423,
        8.242809772491455
    ],
    "classification_times": [
        0.6658883094787598,
        0.6146745681762695,
        4.030840158462524,
        11.010719776153564,
        11.05748462677002
    ],
    "classifications": []
}