Framework,Average Accuracy,Average Time
CrewAI,69.38888888888889,2.8275444444444444
AutoGen,67.5,0.08
