Framework,Average Accuracy,Average Time,Average Tokens,Average Memory
LangChain,66.66666666666667,4.615185185185185,139.5185185185185,412.0729166666667
LangGraph,66.66666666666667,4.463333333333334,160.7037037037037,405.3314525462963
Swarm,66.66666666666667,4.471111111111111,162.0,413.1495949074074
CrewAI,65.0,2.599666666666667,510.23333333333335,342.5812355324074
AutoGen,55.55555555555556,4.260740740740741,176.33333333333334,393.94502314814815
