{
  "langchain": [
    {
      "iteration": 0,
      "start_time": 1736277547.326951,
      "api_calls": 13,
      "retries": 0,
      "bert_scores": [
        0.9920410513877869,
        0.9626843929290771,
        0.9599698781967163,
        1.0,
        0.8768764734268188,
        1.0000003576278687,
        0.9191715121269226,
        0.8496230244636536
      ],
      "api_latencies": [
        0.0634770393371582,
        0.06421566009521484,
        0.06535720825195312,
        0.06366825103759766,
        0.06699323654174805,
        0.06082606315612793,
        0.06541180610656738,
        0.06106281280517578,
        0.06222677230834961,
        0.08142995834350586,
        0.22106695175170898,
        0.06883811950683594
      ],
      "latency": 7.209268808364868,
      "avg_bert_score": 0.9450458362698555,
      "avg_api_latency": 0.07871448993682861
    },
    {
      "iteration": 1,
      "start_time": 1736277554.5362391,
      "api_calls": 13,
      "retries": 0,
      "bert_scores": [
        0.9920410513877869,
        0.9626843929290771,
        0.9599698781967163,
        1.0,
        0.8768764734268188,
        1.0000003576278687,
        0.9191715121269226,
        0.8496230244636536
      ],
      "api_latencies": [
        0.06573081016540527,
        0.07236719131469727,
        0.06277608871459961,
        0.05888104438781738,
        0.06112790107727051,
        0.0632028579711914,
        0.06190299987792969,
        0.06062507629394531,
        0.0588839054107666,
        0.06337714195251465,
        0.06769084930419922,
        0.06695699691772461
      ],
      "latency": 5.3270227909088135,
      "avg_bert_score": 0.9450458362698555,
      "avg_api_latency": 0.06362690528233846
    },
    {
      "iteration": 2,
      "start_time": 1736277559.863271,
      "api_calls": 13,
      "retries": 0,
      "bert_scores": [
        0.9920410513877869,
        0.9626843929290771,
        0.9599698781967163,
        1.0,
        0.8768764734268188,
        1.0000003576278687,
        0.9191715121269226,
        0.8496230244636536
      ],
      "api_latencies": [
        0.06200385093688965,
        0.06452798843383789,
        0.06165599822998047,
        0.0580286979675293,
        0.062406063079833984,
        0.06646561622619629,
        0.08354711532592773,
        0.06331110000610352,
        0.060649871826171875,
        0.0646519660949707,
        0.06762003898620605,
        0.0625920295715332
      ],
      "latency": 5.26799201965332,
      "avg_bert_score": 0.9450458362698555,
      "avg_api_latency": 0.06478836139043172
    }
  ],
  "langgraph": [
    {
      "iteration": 0,
      "start_time": 1736277565.133049,
      "api_calls": 13,
      "retries": 0,
      "bert_scores": [
        0.9920410513877869,
        0.9626843929290771,
        0.9599698781967163,
        1.0,
        0.8768764734268188,
        1.0000003576278687,
        0.9191715121269226,
        0.8496230244636536
      ],
      "api_latencies": [
        0.0667412281036377,
        0.06473517417907715,
        0.06313395500183105,
        0.061328887939453125,
        0.0666651725769043,
        0.058573007583618164,
        0.06430602073669434,
        0.06269502639770508,
        0.061104774475097656,
        0.06519293785095215,
        0.0648040771484375,
        0.06871604919433594
      ],
      "latency": 5.664514780044556,
      "avg_bert_score": 0.9450458362698555,
      "avg_api_latency": 0.06399969259897868
    },
    {
      "iteration": 1,
      "start_time": 1736277570.797575,
      "api_calls": 13,
      "retries": 0,
      "bert_scores": [
        0.9920410513877869,
        0.9626843929290771,
        0.9599698781967163,
        1.0,
        0.8768764734268188,
        1.0000003576278687,
        0.9191715121269226,
        0.8496230244636536
      ],
      "api_latencies": [
        0.06063389778137207,
        0.06311488151550293,
        0.06059575080871582,
        0.06383681297302246,
        0.06299304962158203,
        0.0664072036743164,
        0.06176114082336426,
        0.0596470832824707,
        0.06287908554077148,
        0.06023406982421875,
        0.06966519355773926,
        0.06746387481689453
      ],
      "latency": 5.561518907546997,
      "avg_bert_score": 0.9450458362698555,
      "avg_api_latency": 0.06326933701833089
    },
    {
      "iteration": 2,
      "start_time": 1736277576.359103,
      "api_calls": 13,
      "retries": 0,
      "bert_scores": [
        0.9920410513877869,
        0.9626843929290771,
        0.9599698781967163,
        1.0,
        0.8768764734268188,
        1.0000003576278687,
        0.9191715121269226,
        0.8496230244636536
      ],
      "api_latencies": [
        0.06226205825805664,
        0.06446075439453125,
        0.06281304359436035,
        0.06374812126159668,
        0.06515288352966309,
        0.06667804718017578,
        0.06537818908691406,
        0.06151318550109863,
        0.06347799301147461,
        0.07699728012084961,
        0.07224011421203613,
        0.07141709327697754
      ],
      "latency": 5.346751928329468,
      "avg_bert_score": 0.9450458362698555,
      "avg_api_latency": 0.0663448969523112
    }
  ]
}