{
  "model_name": "llama3-8b-8192",
  "model_temperature": 0.01,
  "model_max_tokens": 1000,
  "random_few_shot": false,
  "num_few_shot": 0,
  "iterations": [
    {
      "iteration": 1,
      "runtime": 120.64352416992188,
      "memory_delta": 1.8125,
      "peak_memory": 388.875,
      "llm_calls": 20,
      "avg_latency": 0.16332528591156006,
      "total_prompt_tokens": 1350,
      "tokens_per_call": 72.0,
      "mae": 8.509502999999999,
      "mape": 20.293843595061347,
      "rmse": 25.192830428520335,
      "group_metrics": {
        "chemistry": {
          "mae": 2.999999999997449e-05,
          "mape": 0.0029761904761879455,
          "rmse": 4.242640687115678e-05
        },
        "math": {
          "mae": 0.4444444444444444,
          "mape": 22.22222222222222,
          "rmse": 1.3333333333333333
        },
        "biology": {
          "mae": 20.0,
          "mape": 20.666666666666664,
          "rmse": 42.5440947723653
        },
        "physics": {
          "mae": 16.547500000000003,
          "mape": 25.634396546735307,
          "rmse": 30.1146729186953
        }
      }
    },
    {
      "iteration": 2,
      "runtime": 121.36805200576782,
      "memory_delta": 0.078125,
      "peak_memory": 388.953125,
      "llm_calls": 20,
      "avg_latency": 0.17151643037796022,
      "total_prompt_tokens": 1350,
      "tokens_per_call": 72.0,
      "mae": 8.509502999999999,
      "mape": 20.293843595061347,
      "rmse": 25.192830428520335,
      "group_metrics": {
        "chemistry": {
          "mae": 2.999999999997449e-05,
          "mape": 0.0029761904761879455,
          "rmse": 4.242640687115678e-05
        },
        "math": {
          "mae": 0.4444444444444444,
          "mape": 22.22222222222222,
          "rmse": 1.3333333333333333
        },
        "biology": {
          "mae": 20.0,
          "mape": 20.666666666666664,
          "rmse": 42.5440947723653
        },
        "physics": {
          "mae": 16.547500000000003,
          "mape": 25.634396546735307,
          "rmse": 30.1146729186953
        }
      }
    },
    {
      "iteration": 3,
      "runtime": 120.84207892417908,
      "memory_delta": 0.0625,
      "peak_memory": 389.015625,
      "llm_calls": 20,
      "avg_latency": 0.2181850790977478,
      "total_prompt_tokens": 1350,
      "tokens_per_call": 72.0,
      "mae": 8.509502999999999,
      "mape": 20.293843595061347,
      "rmse": 25.192830428520335,
      "group_metrics": {
        "chemistry": {
          "mae": 2.999999999997449e-05,
          "mape": 0.0029761904761879455,
          "rmse": 4.242640687115678e-05
        },
        "math": {
          "mae": 0.4444444444444444,
          "mape": 22.22222222222222,
          "rmse": 1.3333333333333333
        },
        "biology": {
          "mae": 20.0,
          "mape": 20.666666666666664,
          "rmse": 42.5440947723653
        },
        "physics": {
          "mae": 16.547500000000003,
          "mape": 25.634396546735307,
          "rmse": 30.1146729186953
        }
      }
    }
  ],
  "dataset_stats": {},
  "timestamp": "2025-02-15 23:28:23.817389",
  "memory_delta": 0.0625,
  "peak_memory": 389.015625
}