{
  "model_name": "llama3-70b-8192",
  "model_temperature": 0.01,
  "model_max_tokens": 1000,
  "random_few_shot": false,
  "num_few_shot": 0,
  "iterations": [
    {
      "iteration": 1,
      "runtime": 121.43406891822815,
      "memory_delta": 2.296875,
      "peak_memory": 373.078125,
      "llm_calls": 20,
      "avg_latency": 0.19424344301223756,
      "total_prompt_tokens": 1348,
      "tokens_per_call": 72.15,
      "mae": 2.9999999999974492e-06,
      "mape": 0.0002976190476187946,
      "rmse": 1.341640786498733e-05,
      "group_metrics": {
        "chemistry": {
          "mae": 1.4999999999987246e-05,
          "mape": 0.0014880952380939727,
          "rmse": 2.999999999997449e-05
        },
        "math": {
          "mae": 0.0,
          "mape": 0.0,
          "rmse": 0.0
        },
        "biology": {
          "mae": 0.0,
          "mape": 0.0,
          "rmse": 0.0
        },
        "physics": {
          "mae": 0.0,
          "mape": 0.0,
          "rmse": 0.0
        }
      }
    },
    {
      "iteration": 2,
      "runtime": 120.81909990310669,
      "memory_delta": 0.078125,
      "peak_memory": 373.15625,
      "llm_calls": 20,
      "avg_latency": 0.1815372347831726,
      "total_prompt_tokens": 1348,
      "tokens_per_call": 72.15,
      "mae": 2.9999999999974492e-06,
      "mape": 0.0002976190476187946,
      "rmse": 1.341640786498733e-05,
      "group_metrics": {
        "chemistry": {
          "mae": 1.4999999999987246e-05,
          "mape": 0.0014880952380939727,
          "rmse": 2.999999999997449e-05
        },
        "math": {
          "mae": 0.0,
          "mape": 0.0,
          "rmse": 0.0
        },
        "biology": {
          "mae": 0.0,
          "mape": 0.0,
          "rmse": 0.0
        },
        "physics": {
          "mae": 0.0,
          "mape": 0.0,
          "rmse": 0.0
        }
      }
    },
    {
      "iteration": 3,
      "runtime": 120.95994234085083,
      "memory_delta": 0.140625,
      "peak_memory": 373.296875,
      "llm_calls": 20,
      "avg_latency": 0.21729910373687744,
      "total_prompt_tokens": 1348,
      "tokens_per_call": 72.15,
      "mae": 2.9999999999974492e-06,
      "mape": 0.0002976190476187946,
      "rmse": 1.341640786498733e-05,
      "group_metrics": {
        "chemistry": {
          "mae": 1.4999999999987246e-05,
          "mape": 0.0014880952380939727,
          "rmse": 2.999999999997449e-05
        },
        "math": {
          "mae": 0.0,
          "mape": 0.0,
          "rmse": 0.0
        },
        "biology": {
          "mae": 0.0,
          "mape": 0.0,
          "rmse": 0.0
        },
        "physics": {
          "mae": 0.0,
          "mape": 0.0,
          "rmse": 0.0
        }
      }
    }
  ],
  "dataset_stats": {},
  "timestamp": "2025-02-15 23:46:51.097228",
  "memory_delta": 0.140625,
  "peak_memory": 373.296875
}