{
  "model_name": "llama3-8b-8192",
  "model_temperature": 0.01,
  "model_max_tokens": 1000,
  "random_few_shot": false,
  "num_few_shot": 0,
  "iterations": [
    {
      "iteration": 1,
      "runtime": 122.35095286369324,
      "memory_delta": 128.703125,
      "peak_memory": 361.0,
      "llm_calls": 20,
      "avg_latency": 0.2543147802352905,
      "total_prompt_tokens": 1357,
      "tokens_per_call": 73.2,
      "mae": 3.4707535074999996,
      "mape": 26.456993910519312,
      "rmse": 9.814173997349243,
      "group_metrics": {
        "chemistry": {
          "mae": 0.75,
          "mape": 7.638888888888889,
          "rmse": 1.118033988749895
        },
        "biology": {
          "mae": 3.0,
          "mape": 25.0,
          "rmse": 6.0
        },
        "math": {
          "mae": 1.6683333333333334,
          "mape": 33.3425848829679,
          "rmse": 5.0000024999993755
        },
        "physics": {
          "mae": 13.133356716666666,
          "mape": 32.833686236039846,
          "rmse": 22.74760060610731
        }
      }
    },
    {
      "iteration": 2,
      "runtime": 121.18701481819153,
      "memory_delta": 225.8125,
      "peak_memory": 458.109375,
      "llm_calls": 20,
      "avg_latency": 0.21221630573272704,
      "total_prompt_tokens": 1357,
      "tokens_per_call": 73.2,
      "mae": 3.4707535074999996,
      "mape": 26.456993910519312,
      "rmse": 9.814173997349243,
      "group_metrics": {
        "math": {
          "mae": 1.6683333333333334,
          "mape": 33.3425848829679,
          "rmse": 5.0000024999993755
        },
        "chemistry": {
          "mae": 0.75,
          "mape": 7.638888888888889,
          "rmse": 1.118033988749895
        },
        "physics": {
          "mae": 13.133356716666666,
          "mape": 32.833686236039846,
          "rmse": 22.74760060610731
        },
        "biology": {
          "mae": 3.0,
          "mape": 25.0,
          "rmse": 6.0
        }
      }
    },
    {
      "iteration": 3,
      "runtime": 120.85802173614502,
      "memory_delta": 289.875,
      "peak_memory": 522.171875,
      "llm_calls": 20,
      "avg_latency": 0.24927421808242797,
      "total_prompt_tokens": 1357,
      "tokens_per_call": 73.2,
      "mae": 3.4707535074999996,
      "mape": 26.456993910519312,
      "rmse": 9.814173997349243,
      "group_metrics": {
        "chemistry": {
          "mae": 0.75,
          "mape": 7.638888888888889,
          "rmse": 1.118033988749895
        },
        "biology": {
          "mae": 3.0,
          "mape": 25.0,
          "rmse": 6.0
        },
        "math": {
          "mae": 1.6683333333333334,
          "mape": 33.3425848829679,
          "rmse": 5.0000024999993755
        },
        "physics": {
          "mae": 13.133356716666666,
          "mape": 32.833686236039846,
          "rmse": 22.74760060610731
        }
      }
    }
  ],
  "dataset_stats": {},
  "timestamp": "2025-02-07 11:02:39.857219"
}