{
  "model_name": "llama3-8b-8192",
  "model_temperature": 0.01,
  "model_max_tokens": 1000,
  "random_few_shot": false,
  "num_few_shot": 0,
  "iterations": [
    {
      "iteration": 1,
      "runtime": 120.07155108451843,
      "memory_delta": 1.734375,
      "peak_memory": 365.09375,
      "llm_calls": 20,
      "avg_latency": 0.02583070993423462,
      "total_prompt_tokens": 325,
      "tokens_per_call": 20.75,
      "mae": 8.509502999999999,
      "mape": 20.293843595061347,
      "rmse": 25.192830428520335,
      "group_metrics": {
        "chemistry": {
          "mae": 2.999999999997449e-05,
          "mape": 0.0029761904761879455,
          "rmse": 4.242640687115678e-05
        },
        "math": {
          "mae": 0.4444444444444444,
          "mape": 22.22222222222222,
          "rmse": 1.3333333333333333
        },
        "biology": {
          "mae": 20.0,
          "mape": 20.666666666666664,
          "rmse": 42.5440947723653
        },
        "physics": {
          "mae": 16.547500000000003,
          "mape": 25.634396546735307,
          "rmse": 30.1146729186953
        }
      }
    },
    {
      "iteration": 2,
      "runtime": 120.09808707237244,
      "memory_delta": 0.0,
      "peak_memory": 365.09375,
      "llm_calls": 20,
      "avg_latency": 0.026269972324371338,
      "total_prompt_tokens": 325,
      "tokens_per_call": 20.75,
      "mae": 8.509502999999999,
      "mape": 20.293843595061347,
      "rmse": 25.192830428520335,
      "group_metrics": {
        "chemistry": {
          "mae": 2.999999999997449e-05,
          "mape": 0.0029761904761879455,
          "rmse": 4.242640687115678e-05
        },
        "math": {
          "mae": 0.4444444444444444,
          "mape": 22.22222222222222,
          "rmse": 1.3333333333333333
        },
        "biology": {
          "mae": 20.0,
          "mape": 20.666666666666664,
          "rmse": 42.5440947723653
        },
        "physics": {
          "mae": 16.547500000000003,
          "mape": 25.634396546735307,
          "rmse": 30.1146729186953
        }
      }
    },
    {
      "iteration": 3,
      "runtime": 120.08072829246521,
      "memory_delta": 0.109375,
      "peak_memory": 365.203125,
      "llm_calls": 20,
      "avg_latency": 0.02332041263580322,
      "total_prompt_tokens": 325,
      "tokens_per_call": 20.75,
      "mae": 8.509502999999999,
      "mape": 20.293843595061347,
      "rmse": 25.192830428520335,
      "group_metrics": {
        "chemistry": {
          "mae": 2.999999999997449e-05,
          "mape": 0.0029761904761879455,
          "rmse": 4.242640687115678e-05
        },
        "math": {
          "mae": 0.4444444444444444,
          "mape": 22.22222222222222,
          "rmse": 1.3333333333333333
        },
        "biology": {
          "mae": 20.0,
          "mape": 20.666666666666664,
          "rmse": 42.5440947723653
        },
        "physics": {
          "mae": 16.547500000000003,
          "mape": 25.634396546735307,
          "rmse": 30.1146729186953
        }
      }
    }
  ],
  "dataset_stats": {},
  "timestamp": "2025-02-15 23:39:25.284830",
  "memory_delta": 0.109375,
  "peak_memory": 365.203125
}