{
  "framework": "crewai",
  "model_name": "llama3-70b-8192",
  "model_temperature": 0.01,
  "model_max_tokens": 1000,
  "random_few_shot": false,
  "num_few_shot": 0,
  "iterations": [
    {
      "iteration": 1,
      "runtime": 395.71564984321594,
      "memory_delta": 1.765625,
      "peak_memory": 445.484375,
      "llm_calls": 60,
      "avg_latency": 0.3253671209017436,
      "total_prompt_tokens": 3061,
      "tokens_per_call": 56.11666666666667,
      "mae": 0.0336732588205425,
      "mape": 0.4201687108863139,
      "rmse": 0.25820534838831494,
      "group_metrics": {
        "math": {
          "mae": 1.9737013679411764e-05,
          "mape": 1.745140337887987e-05,
          "rmse": 8.137779213447537e-05
        },
        "physics": {
          "mae": 0.00125,
          "mape": 0.0127420998980632,
          "rmse": 0.0035355339059327377
        },
        "biology": {
          "mae": 0.0,
          "mape": 0.0,
          "rmse": 0.0
        },
        "chemistry": {
          "mae": 0.11765058823529412,
          "mape": 1.4709383753501402,
          "rmse": 0.485071250290948
        }
      }
    },
    {
      "iteration": 2,
      "runtime": 422.07530403137207,
      "memory_delta": 0.53125,
      "peak_memory": 446.109375,
      "llm_calls": 60,
      "avg_latency": 0.3242388129234314,
      "total_prompt_tokens": 3061,
      "tokens_per_call": 56.11666666666667,
      "mae": 0.0336732588205425,
      "mape": 0.4201687108863139,
      "rmse": 0.25820534838831494,
      "group_metrics": {
        "math": {
          "mae": 1.9737013679411764e-05,
          "mape": 1.745140337887987e-05,
          "rmse": 8.137779213447537e-05
        },
        "physics": {
          "mae": 0.00125,
          "mape": 0.0127420998980632,
          "rmse": 0.0035355339059327377
        },
        "biology": {
          "mae": 0.0,
          "mape": 0.0,
          "rmse": 0.0
        },
        "chemistry": {
          "mae": 0.11765058823529412,
          "mape": 1.4709383753501402,
          "rmse": 0.485071250290948
        }
      }
    },
    {
      "iteration": 3,
      "runtime": 423.1957640647888,
      "memory_delta": 2.328125,
      "peak_memory": 448.4375,
      "llm_calls": 60,
      "avg_latency": 0.3245118816693624,
      "total_prompt_tokens": 3061,
      "tokens_per_call": 56.11666666666667,
      "mae": 0.0336732588205425,
      "mape": 0.4201687108863139,
      "rmse": 0.25820534838831494,
      "group_metrics": {
        "math": {
          "mae": 1.9737013679411764e-05,
          "mape": 1.745140337887987e-05,
          "rmse": 8.137779213447537e-05
        },
        "physics": {
          "mae": 0.00125,
          "mape": 0.0127420998980632,
          "rmse": 0.0035355339059327377
        },
        "biology": {
          "mae": 0.0,
          "mape": 0.0,
          "rmse": 0.0
        },
        "chemistry": {
          "mae": 0.11765058823529412,
          "mape": 1.4709383753501402,
          "rmse": 0.485071250290948
        }
      }
    }
  ],
  "dataset_stats": {},
  "timestamp": "2025-03-09 15:49:26.106687",
  "memory_delta": 2.359375,
  "peak_memory": 448.46875,
  "benchmark_score": {
    "total_score": 84.56,
    "quality_percentage": 99.58,
    "speed_percentage": 33.51,
    "resource_percentage": 90.58,
    "details": {
      "quality_weight": 60,
      "speed_weight": 20,
      "resource_weight": 20,
      "quality_penalty": 1.0,
      "mape_ratio": 0.028,
      "runtime_variance": 161.249,
      "latency_variance": 0.0
    }
  }
}