{
  "model_name": "llama-3.3-70b-versatile",
  "model_temperature": 0.01,
  "model_max_tokens": 1000,
  "random_few_shot": false,
  "num_few_shot": 5,
  "iterations": [
    {
      "iteration": 1,
      "runtime": 41.658329248428345,
      "memory_delta": 79.984375,
      "peak_memory": 453.734375,
      "llm_calls": 10,
      "avg_latency": 0.3616106271743774,
      "total_prompt_tokens": 5436,
      "tokens_per_call": 543.6,
      "mae": 1388.4,
      "mape": 6.219939903544336,
      "rmse": 1703.7678832517063
    },
    {
      "iteration": 2,
      "runtime": 40.932271003723145,
      "memory_delta": 30.703125,
      "peak_memory": 484.4375,
      "llm_calls": 10,
      "avg_latency": 0.26461889743804934,
      "total_prompt_tokens": 5436,
      "tokens_per_call": 543.6,
      "mae": 1390.8,
      "mape": 6.217902613186259,
      "rmse": 1703.5414289062653
    },
    {
      "iteration": 3,
      "runtime": 41.174092054367065,
      "memory_delta": 20.53125,
      "peak_memory": 504.96875,
      "llm_calls": 10,
      "avg_latency": 0.4395221471786499,
      "total_prompt_tokens": 5436,
      "tokens_per_call": 543.6,
      "mae": 1417.2,
      "mape": 6.325768270286336,
      "rmse": 1717.6260943523187
    }
  ],
  "dataset_stats": {
    "Cocoa, beans": {
      "count": 39,
      "yield_stats": {
        "min": 5765.0,
        "max": 13056.0,
        "mean": 8883.128205128205
      }
    },
    "Oil palm fruit": {
      "count": 39,
      "yield_stats": {
        "min": 142425.0,
        "max": 203399.0,
        "mean": 175804.6923076923
      }
    },
    "Rice, paddy": {
      "count": 39,
      "yield_stats": {
        "min": 24686.0,
        "max": 42550.0,
        "mean": 32099.666666666668
      }
    },
    "Rubber, natural": {
      "count": 39,
      "yield_stats": {
        "min": 5249.0,
        "max": 10285.0,
        "mean": 7824.897435897436
      }
    }
  },
  "timestamp": "2025-01-26 14:10:49.574098"
}